{
  "hidden_channels": 96,
  "num_layers": 3,
  "dropout": 0.4167762145610342,
  "lr": 0.002281866499682333,
  "batch_size": 8,
  "weight_decay": 0.0003678762519186843,
  "heads": 4
}