{
  "rmse_mean": 0.6903711345321142,
  "rmse_std": 0.06787245096056048,
  "mae_mean": 0.5460466585661236,
  "mae_std": 0.07179616486342608,
  "r2_mean": 0.4590526146391004,
  "r2_std": 0.1020273744761352,
  "per_fold": {
    "rmse": [
      0.7133937329578292,
      0.7612873260452753,
      0.7561460139883847,
      0.6245435349642151,
      0.5964850647048667
    ],
    "mae": [
      0.591265176471911,
      0.6141345124495657,
      0.6054869367365252,
      0.47754687593694317,
      0.4417997912356728
    ],
    "r2": [
      0.46651953918433264,
      0.43473105820679314,
      0.28097775219122845,
      0.5379267441951823,
      0.5751079794179654
    ]
  }
}