{
  "rmse_mean": 0.8913370571906898,
  "rmse_std": 0.17153355319887223,
  "mae_mean": 0.7238058475025912,
  "mae_std": 0.13528004925340448,
  "r2_mean": 0.06503847874771918,
  "r2_std": 0.37398931073648234,
  "per_fold": {
    "rmse": [
      0.7498494353654438,
      0.9861164734051248,
      0.9254014407603188,
      0.6559188193410989,
      1.1393991170814626
    ],
    "mae": [
      0.618765253769724,
      0.8473809727451258,
      0.7621780278389914,
      0.5191317357515034,
      0.871573247407612
    ],
    "r2": [
      0.4106027901921451,
      0.0515501927913532,
      -0.07693957563795073,
      0.49033409453677157,
      -0.5503551081437232
    ]
  }
}