{
  "rmse_mean": 0.7151138906617919,
  "rmse_std": 0.06184677469186942,
  "mae_mean": 0.5528985918613902,
  "mae_std": 0.044995434820085396,
  "r2_mean": 0.4190791646350152,
  "r2_std": 0.10467359861641456,
  "per_fold": {
    "rmse": [
      0.7235352525473583,
      0.7684127697736379,
      0.7799084597289503,
      0.6966453965612958,
      0.6070675746977173
    ],
    "mae": [
      0.5753487955059922,
      0.582987852263869,
      0.6030421215191222,
      0.5230896096480521,
      0.48002458036991585
    ],
    "r2": [
      0.4512439391959625,
      0.42410000887648647,
      0.23507605433822465,
      0.42507798109187034,
      0.5598978396725319
    ]
  }
}