{
  "rmse_mean": 0.6914589798457299,
  "rmse_std": 0.08853401690031647,
  "mae_mean": 0.544782523105019,
  "mae_std": 0.0818264760040132,
  "r2_mean": 0.45635101316358817,
  "r2_std": 0.12120131140447062,
  "per_fold": {
    "rmse": [
      0.7877185760542652,
      0.7552133851681183,
      0.7453515305028459,
      0.5782441890999331,
      0.5907672184034868
    ],
    "mae": [
      0.6166700982210929,
      0.6122929087856359,
      0.6055747082358912,
      0.44163391046356737,
      0.44774098981890764
    ],
    "r2": [
      0.3495676813358436,
      0.4437150863426904,
      0.30136025386775833,
      0.603897162951019,
      0.5832148813206295
    ]
  }
}