{
  "CGConv": {
    "rmse_mean": 0.7151138906617919,
    "rmse_std": 0.06184677469186942,
    "mae_mean": 0.5528985918613902,
    "mae_std": 0.044995434820085396,
    "r2_mean": 0.4190791646350152,
    "r2_std": 0.10467359861641456,
    "per_fold": {
      "rmse": [
        0.7235352525473583,
        0.7684127697736379,
        0.7799084597289503,
        0.6966453965612958,
        0.6070675746977173
      ],
      "mae": [
        0.5753487955059922,
        0.582987852263869,
        0.6030421215191222,
        0.5230896096480521,
        0.48002458036991585
      ],
      "r2": [
        0.4512439391959625,
        0.42410000887648647,
        0.23507605433822465,
        0.42507798109187034,
        0.5598978396725319
      ]
    }
  },
  "GAT": {
    "rmse_mean": 0.6903711345321142,
    "rmse_std": 0.06787245096056048,
    "mae_mean": 0.5460466585661236,
    "mae_std": 0.07179616486342608,
    "r2_mean": 0.4590526146391004,
    "r2_std": 0.1020273744761352,
    "per_fold": {
      "rmse": [
        0.7133937329578292,
        0.7612873260452753,
        0.7561460139883847,
        0.6245435349642151,
        0.5964850647048667
      ],
      "mae": [
        0.591265176471911,
        0.6141345124495657,
        0.6054869367365252,
        0.47754687593694317,
        0.4417997912356728
      ],
      "r2": [
        0.46651953918433264,
        0.43473105820679314,
        0.28097775219122845,
        0.5379267441951823,
        0.5751079794179654
      ]
    }
  },
  "GINE": {
    "rmse_mean": 0.6914589798457299,
    "rmse_std": 0.08853401690031647,
    "mae_mean": 0.544782523105019,
    "mae_std": 0.0818264760040132,
    "r2_mean": 0.45635101316358817,
    "r2_std": 0.12120131140447062,
    "per_fold": {
      "rmse": [
        0.7877185760542652,
        0.7552133851681183,
        0.7453515305028459,
        0.5782441890999331,
        0.5907672184034868
      ],
      "mae": [
        0.6166700982210929,
        0.6122929087856359,
        0.6055747082358912,
        0.44163391046356737,
        0.44774098981890764
      ],
      "r2": [
        0.3495676813358436,
        0.4437150863426904,
        0.30136025386775833,
        0.603897162951019,
        0.5832148813206295
      ]
    }
  },
  "GT": {
    "rmse_mean": 0.8913370571906898,
    "rmse_std": 0.17153355319887223,
    "mae_mean": 0.7238058475025912,
    "mae_std": 0.13528004925340448,
    "r2_mean": 0.06503847874771918,
    "r2_std": 0.37398931073648234,
    "per_fold": {
      "rmse": [
        0.7498494353654438,
        0.9861164734051248,
        0.9254014407603188,
        0.6559188193410989,
        1.1393991170814626
      ],
      "mae": [
        0.618765253769724,
        0.8473809727451258,
        0.7621780278389914,
        0.5191317357515034,
        0.871573247407612
      ],
      "r2": [
        0.4106027901921451,
        0.0515501927913532,
        -0.07693957563795073,
        0.49033409453677157,
        -0.5503551081437232
      ]
    }
  }
}